Type,Name,Request Count,Failure Count,Median Response Time,Average Response Time,Min Response Time,Max Response Time,Average Content Size,Requests/s,Failures/s,50%,66%,75%,80%,90%,95%,98%,99%,99.90%,99.99%,100%
GET,/,51,0,170,187.5392756,165.803155,390.112693,2976,0.1711748,0,170,180,180,180,190,340,350,390,390,390,390
GET,/api/cart/add/anonymous-102/HPTD/1,1,0,181.284762,181.284762,181.284762,181.284762,219,0.003356369,0,180,180,180,180,180,180,180,180,180,180,180
GET,/api/cart/add/anonymous-102/RED/1,1,0,179.933271,179.933271,179.933271,179.933271,132,0.003356369,0,180,180,180,180,180,180,180,180,180,180,180
GET,/api/cart/add/anonymous-103/EMM/1,1,0,182.439878,182.439878,182.439878,182.439878,214,0.003356369,0,180,180,180,180,180,180,180,180,180,180,180
GET,/api/cart/add/anonymous-103/UHJ/1,1,0,181.163662,181.163662,181.163662,181.163662,138,0.003356369,0,180,180,180,180,180,180,180,180,180,180,180
GET,/api/cart/add/anonymous-104/HPTD/1,1,0,183.665238,183.665238,183.665238,183.665238,121,0.003356369,0,180,180,180,180,180,180,180,180,180,180,180
GET,/api/cart/add/anonymous-104/SHCE/1,1,0,183.32201,183.32201,183.32201,183.32201,213,0.003356369,0,180,180,180,180,180,180,180,180,180,180,180
GET,/api/cart/add/anonymous-105/EMM/1,1,0,248.006897,248.006897,248.006897,248.006897,223,0.003356369,0,250,250,250,250,250,250,250,250,250,250,250
GET,/api/cart/add/anonymous-105/HPTD/1,1,0,254.94624,254.94624,254.94624,254.94624,121,0.003356369,0,250,250,250,250,250,250,250,250,250,250,250
GET,/api/cart/add/anonymous-106/EPE/1,1,0,184.240976,184.240976,184.240976,184.240976,129,0.003356369,0,180,180,180,180,180,180,180,180,180,180,180
GET,/api/cart/add/anonymous-106/RED/1,1,0,181.388237,181.388237,181.388237,181.388237,201,0.003356369,0,180,180,180,180,180,180,180,180,180,180,180
GET,/api/cart/add/anonymous-107/EMM/1,1,0,177.904294,177.904294,177.904294,177.904294,137,0.003356369,0,180,180,180,180,180,180,180,180,180,180,180
GET,/api/cart/add/anonymous-107/RMC/1,1,0,180.026821,180.026821,180.026821,180.026821,215,0.003356369,0,180,180,180,180,180,180,180,180,180,180,180
GET,/api/cart/add/anonymous-108/EPE/1,1,0,181.852688,181.852688,181.852688,181.852688,200,0.003356369,0,180,180,180,180,180,180,180,180,180,180,180
GET,/api/cart/add/anonymous-108/Watson/1,1,0,180.851761,180.851761,180.851761,180.851761,106,0.003356369,0,180,180,180,180,180,180,180,180,180,180,180
GET,/api/cart/add/anonymous-109/HPTD/1,1,0,179.683092,179.683092,179.683092,179.683092,226,0.003356369,0,180,180,180,180,180,180,180,180,180,180,180
GET,/api/cart/add/anonymous-109/UHJ/1,1,0,182.810347,182.810347,182.810347,182.810347,138,0.003356369,0,180,180,180,180,180,180,180,180,180,180,180
GET,/api/cart/add/anonymous-110/HPTD/1,1,0,184.810228,184.810228,184.810228,184.810228,213,0.003356369,0,180,180,180,180,180,180,180,180,180,180,180
GET,/api/cart/add/anonymous-110/SHCE/1,1,0,183.789182,183.789182,183.789182,183.789182,124,0.003356369,0,180,180,180,180,180,180,180,180,180,180,180
GET,/api/cart/add/anonymous-111/RED/1,1,0,183.982201,183.982201,183.982201,183.982201,132,0.003356369,0,180,180,180,180,180,180,180,180,180,180,180
GET,/api/cart/add/anonymous-111/RMC/1,1,0,185.888547,185.888547,185.888547,185.888547,210,0.003356369,0,190,190,190,190,190,190,190,190,190,190,190
GET,/api/cart/add/anonymous-112/HPTD/1,1,0,179.825283,179.825283,179.825283,179.825283,121,0.003356369,0,180,180,180,180,180,180,180,180,180,180,180
GET,/api/cart/add/anonymous-112/Watson/1,1,0,184.160414,184.160414,184.160414,184.160414,193,0.003356369,0,180,180,180,180,180,180,180,180,180,180,180
GET,/api/cart/add/anonymous-113/HPTD/1,1,0,180.783591,180.783591,180.783591,180.783591,121,0.003356369,0,180,180,180,180,180,180,180,180,180,180,180
GET,/api/cart/add/anonymous-113/RED/1,1,0,182.373833,182.373833,182.373833,182.373833,219,0.003356369,0,180,180,180,180,180,180,180,180,180,180,180
GET,/api/cart/add/anonymous-114/EPE/1,1,0,177.430612,177.430612,177.430612,177.430612,217,0.003356369,0,180,180,180,180,180,180,180,180,180,180,180
GET,/api/cart/add/anonymous-114/HPTD/1,1,0,183.836868,183.836868,183.836868,183.836868,121,0.003356369,0,180,180,180,180,180,180,180,180,180,180,180
GET,/api/cart/add/anonymous-115/SHCE/1,1,0,181.095434,181.095434,181.095434,181.095434,230,0.003356369,0,180,180,180,180,180,180,180,180,180,180,180
GET,/api/cart/add/anonymous-115/UHJ/1,1,0,183.823468,183.823468,183.823468,183.823468,138,0.003356369,0,180,180,180,180,180,180,180,180,180,180,180
GET,/api/cart/add/anonymous-116/HPTD/1,2,0,180.409118,180.8694855,180.409118,181.329853,121,0.006712737,0,180,180,180,180,180,180,180,180,180,180,180
GET,/api/cart/add/anonymous-117/RMC/1,1,0,183.834163,183.834163,183.834163,183.834163,202,0.003356369,0,180,180,180,180,180,180,180,180,180,180,180
GET,/api/cart/add/anonymous-117/SHCE/1,1,0,180.161118,180.161118,180.161118,180.161118,124,0.003356369,0,180,180,180,180,180,180,180,180,180,180,180
GET,/api/cart/add/anonymous-118/RMC/1,1,0,233.325154,233.325154,233.325154,233.325154,190,0.003356369,0,230,230,230,230,230,230,230,230,230,230,230
GET,/api/cart/add/anonymous-118/STAN-1/1,1,0,201.902808,201.902808,201.902808,201.902808,111,0.003356369,0,200,200,200,200,200,200,200,200,200,200,200
GET,/api/cart/add/anonymous-119/RMC/1,1,0,182.340541,182.340541,182.340541,182.340541,184,0.003356369,0,180,180,180,180,180,180,180,180,180,180,180
GET,/api/cart/add/anonymous-119/Watson/1,1,0,182.796506,182.796506,182.796506,182.796506,106,0.003356369,0,180,180,180,180,180,180,180,180,180,180,180
GET,/api/cart/add/anonymous-120/SHCE/1,1,0,181.938065,181.938065,181.938065,181.938065,124,0.003356369,0,180,180,180,180,180,180,180,180,180,180,180
GET,/api/cart/add/anonymous-120/STAN-1/1,1,0,196.27375,196.27375,196.27375,196.27375,203,0.003356369,0,200,200,200,200,200,200,200,200,200,200,200
GET,/api/cart/add/anonymous-121/EMM/1,1,0,180.313261,180.313261,180.313261,180.313261,201,0.003356369,0,180,180,180,180,180,180,180,180,180,180,180
GET,/api/cart/add/anonymous-121/STAN-1/1,1,0,188.352351,188.352351,188.352351,188.352351,111,0.003356369,0,190,190,190,190,190,190,190,190,190,190,190
GET,/api/cart/add/anonymous-122/EPE/1,1,0,181.759062,181.759062,181.759062,181.759062,222,0.003356369,0,180,180,180,180,180,180,180,180,180,180,180
GET,/api/cart/add/anonymous-122/SHCE/1,1,0,182.820199,182.820199,182.820199,182.820199,124,0.003356369,0,180,180,180,180,180,180,180,180,180,180,180
GET,/api/cart/add/anonymous-123/SHCE/1,1,0,184.673112,184.673112,184.673112,184.673112,124,0.003356369,0,180,180,180,180,180,180,180,180,180,180,180
GET,/api/cart/add/anonymous-123/STAN-1/1,1,0,189.520192,189.520192,189.520192,189.520192,203,0.003356369,0,190,190,190,190,190,190,190,190,190,190,190
GET,/api/cart/add/anonymous-124/EPE/1,1,0,178.228295,178.228295,178.228295,178.228295,129,0.003356369,0,180,180,180,180,180,180,180,180,180,180,180
GET,/api/cart/add/anonymous-124/SHCE/1,1,0,220.987873,220.987873,220.987873,220.987873,222,0.003356369,0,220,220,220,220,220,220,220,220,220,220,220
GET,/api/cart/add/anonymous-125/EPE/1,1,0,182.117401,182.117401,182.117401,182.117401,129,0.003356369,0,180,180,180,180,180,180,180,180,180,180,180
GET,/api/cart/add/anonymous-125/HPTD/1,1,0,186.660633,186.660633,186.660633,186.660633,217,0.003356369,0,190,190,190,190,190,190,190,190,190,190,190
GET,/api/cart/add/anonymous-126/EMM/1,1,0,179.830476,179.830476,179.830476,179.830476,206,0.003356369,0,180,180,180,180,180,180,180,180,180,180,180
GET,/api/cart/add/anonymous-126/Watson/1,1,0,182.390179,182.390179,182.390179,182.390179,106,0.003356369,0,180,180,180,180,180,180,180,180,180,180,180
GET,/api/cart/add/anonymous-127/EMM/1,1,0,181.851402,181.851402,181.851402,181.851402,137,0.003356369,0,180,180,180,180,180,180,180,180,180,180,180
GET,/api/cart/add/anonymous-127/HPTD/1,1,0,231.016799,231.016799,231.016799,231.016799,223,0.003356369,0,230,230,230,230,230,230,230,230,230,230,230
GET,/api/cart/add/anonymous-128/EPE/1,1,0,180.577708,180.577708,180.577708,180.577708,129,0.003356369,0,180,180,180,180,180,180,180,180,180,180,180
GET,/api/cart/add/anonymous-128/RMC/1,1,0,181.414598,181.414598,181.414598,181.414598,207,0.003356369,0,180,180,180,180,180,180,180,180,180,180,180
GET,/api/cart/add/anonymous-129/HPTD/1,1,0,250.178132,250.178132,250.178132,250.178132,121,0.003356369,0,250,250,250,250,250,250,250,250,250,250,250
GET,/api/cart/add/anonymous-129/RMC/1,1,0,304.403598,304.403598,304.403598,304.403598,199,0.003356369,0,300,300,300,300,300,300,300,300,300,300,300
GET,/api/cart/add/anonymous-130/HPTD/1,1,0,263.182809,263.182809,263.182809,263.182809,121,0.003356369,0,260,260,260,260,260,260,260,260,260,260,260
GET,/api/cart/add/anonymous-130/RMC/1,1,0,182.596988,182.596988,182.596988,182.596988,199,0.003356369,0,180,180,180,180,180,180,180,180,180,180,180
GET,/api/cart/add/anonymous-131/RMC/1,1,0,176.36789,176.36789,176.36789,176.36789,202,0.003356369,0,180,180,180,180,180,180,180,180,180,180,180
GET,/api/cart/add/anonymous-131/SHCE/1,1,0,181.147292,181.147292,181.147292,181.147292,124,0.003356369,0,180,180,180,180,180,180,180,180,180,180,180
GET,/api/cart/add/anonymous-132/EMM/1,1,0,181.872682,181.872682,181.872682,181.872682,137,0.003356369,0,180,180,180,180,180,180,180,180,180,180,180
GET,/api/cart/add/anonymous-132/UHJ/1,1,0,181.20735,181.20735,181.20735,181.20735,214,0.003356369,0,180,180,180,180,180,180,180,180,180,180,180
GET,/api/cart/add/anonymous-133/RMC/1,2,0,180,181.3959045,179.75974,183.032069,108.5,0.006712737,0,180,180,180,180,180,180,180,180,180,180,180
GET,/api/cart/add/anonymous-134/EMM/1,1,0,181.085012,181.085012,181.085012,181.085012,137,0.003356369,0,180,180,180,180,180,180,180,180,180,180,180
GET,/api/cart/add/anonymous-134/Watson/1,1,0,182.900953,182.900953,182.900953,182.900953,206,0.003356369,0,180,180,180,180,180,180,180,180,180,180,180
GET,/api/cart/add/anonymous-135/EMM/1,1,0,173.960144,173.960144,173.960144,173.960144,137,0.003356369,0,170,170,170,170,170,170,170,170,170,170,170
GET,/api/cart/add/anonymous-135/STAN-1/1,1,0,175.377664,175.377664,175.377664,175.377664,201,0.003356369,0,180,180,180,180,180,180,180,180,180,180,180
GET,/api/cart/add/anonymous-136/EPE/1,1,0,180.621508,180.621508,180.621508,180.621508,222,0.003356369,0,180,180,180,180,180,180,180,180,180,180,180
GET,/api/cart/add/anonymous-136/SHCE/1,1,0,183.003045,183.003045,183.003045,183.003045,124,0.003356369,0,180,180,180,180,180,180,180,180,180,180,180
GET,/api/cart/add/anonymous-137/HPTD/1,1,0,178.410642,178.410642,178.410642,178.410642,199,0.003356369,0,180,180,180,180,180,180,180,180,180,180,180
GET,/api/cart/add/anonymous-137/RMC/1,1,0,177.736974,177.736974,177.736974,177.736974,108,0.003356369,0,180,180,180,180,180,180,180,180,180,180,180
GET,/api/cart/add/anonymous-138/RMC/1,1,0,180.653515,180.653515,180.653515,180.653515,108,0.003356369,0,180,180,180,180,180,180,180,180,180,180,180
GET,/api/cart/add/anonymous-138/UHJ/1,1,0,186.379998,186.379998,186.379998,186.379998,216,0.003356369,0,190,190,190,190,190,190,190,190,190,190,190
GET,/api/cart/add/anonymous-139/RMC/1,1,0,181.014564,181.014564,181.014564,181.014564,184,0.003356369,0,180,180,180,180,180,180,180,180,180,180,180
GET,/api/cart/add/anonymous-139/Watson/1,1,0,177.337385,177.337385,177.337385,177.337385,106,0.003356369,0,180,180,180,180,180,180,180,180,180,180,180
GET,/api/cart/add/anonymous-140/HPTD/1,1,0,179.893915,179.893915,179.893915,179.893915,193,0.003356369,0,180,180,180,180,180,180,180,180,180,180,180
GET,/api/cart/add/anonymous-140/Watson/1,1,0,178.439141,178.439141,178.439141,178.439141,106,0.003356369,0,180,180,180,180,180,180,180,180,180,180,180
GET,/api/cart/add/anonymous-141/RMC/1,1,0,183.452778,183.452778,183.452778,183.452778,184,0.003356369,0,180,180,180,180,180,180,180,180,180,180,180
GET,/api/cart/add/anonymous-141/Watson/1,1,0,180.029209,180.029209,180.029209,180.029209,106,0.003356369,0,180,180,180,180,180,180,180,180,180,180,180
GET,/api/cart/add/anonymous-142/HPTD/1,1,0,207.022209,207.022209,207.022209,207.022209,121,0.003356369,0,210,210,210,210,210,210,210,210,210,210,210
GET,/api/cart/add/anonymous-142/STAN-1/1,1,0,180.480602,180.480602,180.480602,180.480602,200,0.003356369,0,180,180,180,180,180,180,180,180,180,180,180
GET,/api/cart/add/anonymous-143/EPE/1,1,0,180.783036,180.783036,180.783036,180.783036,217,0.003356369,0,180,180,180,180,180,180,180,180,180,180,180
GET,/api/cart/add/anonymous-143/HPTD/1,1,0,180.309088,180.309088,180.309088,180.309088,121,0.003356369,0,180,180,180,180,180,180,180,180,180,180,180
GET,/api/cart/add/anonymous-144/EMM/1,1,0,186.80872,186.80872,186.80872,186.80872,206,0.003356369,0,190,190,190,190,190,190,190,190,190,190,190
GET,/api/cart/add/anonymous-144/Watson/1,1,0,185.012875,185.012875,185.012875,185.012875,106,0.003356369,0,190,190,190,190,190,190,190,190,190,190,190
GET,/api/cart/add/anonymous-145/EPE/1,2,0,180,180.7601705,178.751488,182.768853,129.5,0.006712737,0,180,180,180,180,180,180,180,180,180,180,180
GET,/api/cart/add/anonymous-146/RED/1,1,0,177.394696,177.394696,177.394696,177.394696,132,0.003356369,0,180,180,180,180,180,180,180,180,180,180,180
GET,/api/cart/add/anonymous-146/UHJ/1,1,0,180.390949,180.390949,180.390949,180.390949,209,0.003356369,0,180,180,180,180,180,180,180,180,180,180,180
GET,/api/cart/add/anonymous-147/EPE/1,1,0,184.481469,184.481469,184.481469,184.481469,201,0.003356369,0,180,180,180,180,180,180,180,180,180,180,180
GET,/api/cart/add/anonymous-147/RED/1,1,0,182.443709,182.443709,182.443709,182.443709,132,0.003356369,0,180,180,180,180,180,180,180,180,180,180,180
GET,/api/cart/add/anonymous-148/EMM/1,1,0,179.703677,179.703677,179.703677,179.703677,137,0.003356369,0,180,180,180,180,180,180,180,180,180,180,180
GET,/api/cart/add/anonymous-148/STAN-1/1,1,0,181.76491,181.76491,181.76491,181.76491,201,0.003356369,0,180,180,180,180,180,180,180,180,180,180,180
GET,/api/cart/add/anonymous-149/EMM/1,1,0,173.418347,173.418347,173.418347,173.418347,214,0.003356369,0,170,170,170,170,170,170,170,170,170,170,170
GET,/api/cart/add/anonymous-149/UHJ/1,1,0,174.685786,174.685786,174.685786,174.685786,138,0.003356369,0,170,170,170,170,170,170,170,170,170,170,170
GET,/api/cart/add/anonymous-150/STAN-1/1,2,0,182.816037,201.341229,182.816037,219.866421,111.5,0.006712737,0,220,220,220,220,220,220,220,220,220,220,220
GET,/api/cart/add/anonymous-151/RMC/1,1,0,178.090658,178.090658,178.090658,178.090658,108,0.003356369,0,180,180,180,180,180,180,180,180,180,180,180
GET,/api/cart/add/anonymous-151/Watson/1,1,0,182.561603,182.561603,182.561603,182.561603,184,0.003356369,0,180,180,180,180,180,180,180,180,180,180,180
GET,/api/cart/add/anonymous-152/RED/1,1,0,183.734844,183.734844,183.734844,183.734844,196,0.003356369,0,180,180,180,180,180,180,180,180,180,180,180
GET,/api/cart/add/anonymous-152/STAN-1/1,1,0,181.28784,181.28784,181.28784,181.28784,111,0.003356369,0,180,180,180,180,180,180,180,180,180,180,180
,,,,,,,,,,,,,,,,,,,,,
GET,/api/cart/cart/anonymous-102,1,0,176.455594,176.455594,176.455594,176.455594,219,0.003356369,0,180,180,180,180,180,180,180,180,180,180,180
GET,/api/cart/cart/anonymous-103,1,0,174.159137,174.159137,174.159137,174.159137,214,0.003356369,0,170,170,170,170,170,170,170,170,170,170,170
GET,/api/cart/cart/anonymous-104,1,0,176.619721,176.619721,176.619721,176.619721,213,0.003356369,0,180,180,180,180,180,180,180,180,180,180,180
GET,/api/cart/cart/anonymous-105,1,0,273.4203,273.4203,273.4203,273.4203,223,0.003356369,0,270,270,270,270,270,270,270,270,270,270,270
GET,/api/cart/cart/anonymous-106,1,0,179.205468,179.205468,179.205468,179.205468,201,0.003356369,0,180,180,180,180,180,180,180,180,180,180,180
GET,/api/cart/cart/anonymous-107,1,0,176.845526,176.845526,176.845526,176.845526,215,0.003356369,0,180,180,180,180,180,180,180,180,180,180,180
GET,/api/cart/cart/anonymous-108,1,0,174.066325,174.066325,174.066325,174.066325,200,0.003356369,0,170,170,170,170,170,170,170,170,170,170,170
GET,/api/cart/cart/anonymous-109,1,0,172.606132,172.606132,172.606132,172.606132,226,0.003356369,0,170,170,170,170,170,170,170,170,170,170,170
GET,/api/cart/cart/anonymous-110,1,0,171.477996,171.477996,171.477996,171.477996,213,0.003356369,0,170,170,170,170,170,170,170,170,170,170,170
GET,/api/cart/cart/anonymous-111,1,0,195.621107,195.621107,195.621107,195.621107,210,0.003356369,0,200,200,200,200,200,200,200,200,200,200,200
GET,/api/cart/cart/anonymous-112,1,0,175.230896,175.230896,175.230896,175.230896,193,0.003356369,0,180,180,180,180,180,180,180,180,180,180,180
GET,/api/cart/cart/anonymous-113,1,0,174.074004,174.074004,174.074004,174.074004,219,0.003356369,0,170,170,170,170,170,170,170,170,170,170,170
GET,/api/cart/cart/anonymous-114,1,0,173.754527,173.754527,173.754527,173.754527,217,0.003356369,0,170,170,170,170,170,170,170,170,170,170,170
GET,/api/cart/cart/anonymous-115,1,0,173.64007,173.64007,173.64007,173.64007,230,0.003356369,0,170,170,170,170,170,170,170,170,170,170,170
GET,/api/cart/cart/anonymous-116,1,0,173.519153,173.519153,173.519153,173.519153,121,0.003356369,0,170,170,170,170,170,170,170,170,170,170,170
GET,/api/cart/cart/anonymous-117,1,0,171.093852,171.093852,171.093852,171.093852,202,0.003356369,0,170,170,170,170,170,170,170,170,170,170,170
GET,/api/cart/cart/anonymous-118,1,0,318.490099,318.490099,318.490099,318.490099,190,0.003356369,0,320,320,320,320,320,320,320,320,320,320,320
GET,/api/cart/cart/anonymous-119,1,0,173.360162,173.360162,173.360162,173.360162,184,0.003356369,0,170,170,170,170,170,170,170,170,170,170,170
GET,/api/cart/cart/anonymous-120,1,0,218.504615,218.504615,218.504615,218.504615,203,0.003356369,0,220,220,220,220,220,220,220,220,220,220,220
GET,/api/cart/cart/anonymous-121,1,0,175.647946,175.647946,175.647946,175.647946,201,0.003356369,0,180,180,180,180,180,180,180,180,180,180,180
GET,/api/cart/cart/anonymous-122,1,0,171.962424,171.962424,171.962424,171.962424,222,0.003356369,0,170,170,170,170,170,170,170,170,170,170,170
GET,/api/cart/cart/anonymous-123,1,0,190.366221,190.366221,190.366221,190.366221,203,0.003356369,0,190,190,190,190,190,190,190,190,190,190,190
GET,/api/cart/cart/anonymous-124,1,0,264.585137,264.585137,264.585137,264.585137,222,0.003356369,0,260,260,260,260,260,260,260,260,260,260,260
GET,/api/cart/cart/anonymous-125,1,0,175.409535,175.409535,175.409535,175.409535,217,0.003356369,0,180,180,180,180,180,180,180,180,180,180,180
GET,/api/cart/cart/anonymous-126,1,0,165.188849,165.188849,165.188849,165.188849,206,0.003356369,0,170,170,170,170,170,170,170,170,170,170,170
GET,/api/cart/cart/anonymous-127,1,0,223.833852,223.833852,223.833852,223.833852,223,0.003356369,0,220,220,220,220,220,220,220,220,220,220,220
GET,/api/cart/cart/anonymous-128,1,0,177.798331,177.798331,177.798331,177.798331,207,0.003356369,0,180,180,180,180,180,180,180,180,180,180,180
GET,/api/cart/cart/anonymous-129,1,0,308.099227,308.099227,308.099227,308.099227,199,0.003356369,0,310,310,310,310,310,310,310,310,310,310,310
GET,/api/cart/cart/anonymous-130,1,0,169.350628,169.350628,169.350628,169.350628,199,0.003356369,0,170,170,170,170,170,170,170,170,170,170,170
GET,/api/cart/cart/anonymous-131,1,0,164.135287,164.135287,164.135287,164.135287,202,0.003356369,0,160,160,160,160,160,160,160,160,160,160,160
GET,/api/cart/cart/anonymous-132,1,0,170.364589,170.364589,170.364589,170.364589,214,0.003356369,0,170,170,170,170,170,170,170,170,170,170,170
GET,/api/cart/cart/anonymous-133,1,0,172.153834,172.153834,172.153834,172.153834,109,0.003356369,0,170,170,170,170,170,170,170,170,170,170,170
GET,/api/cart/cart/anonymous-134,1,0,173.484945,173.484945,173.484945,173.484945,206,0.003356369,0,170,170,170,170,170,170,170,170,170,170,170
GET,/api/cart/cart/anonymous-135,1,0,168.532973,168.532973,168.532973,168.532973,201,0.003356369,0,170,170,170,170,170,170,170,170,170,170,170
GET,/api/cart/cart/anonymous-136,1,0,173.362894,173.362894,173.362894,173.362894,222,0.003356369,0,170,170,170,170,170,170,170,170,170,170,170
GET,/api/cart/cart/anonymous-137,1,0,168.692293,168.692293,168.692293,168.692293,199,0.003356369,0,170,170,170,170,170,170,170,170,170,170,170
GET,/api/cart/cart/anonymous-138,1,0,174.40225,174.40225,174.40225,174.40225,216,0.003356369,0,170,170,170,170,170,170,170,170,170,170,170
GET,/api/cart/cart/anonymous-139,1,0,174.260683,174.260683,174.260683,174.260683,184,0.003356369,0,170,170,170,170,170,170,170,170,170,170,170
GET,/api/cart/cart/anonymous-140,1,0,166.588126,166.588126,166.588126,166.588126,193,0.003356369,0,170,170,170,170,170,170,170,170,170,170,170
GET,/api/cart/cart/anonymous-141,1,0,172.707169,172.707169,172.707169,172.707169,184,0.003356369,0,170,170,170,170,170,170,170,170,170,170,170
GET,/api/cart/cart/anonymous-142,1,0,173.015349,173.015349,173.015349,173.015349,200,0.003356369,0,170,170,170,170,170,170,170,170,170,170,170
GET,/api/cart/cart/anonymous-143,1,0,174.005164,174.005164,174.005164,174.005164,217,0.003356369,0,170,170,170,170,170,170,170,170,170,170,170
GET,/api/cart/cart/anonymous-144,1,0,171.194259,171.194259,171.194259,171.194259,206,0.003356369,0,170,170,170,170,170,170,170,170,170,170,170
GET,/api/cart/cart/anonymous-145,1,0,173.604081,173.604081,173.604081,173.604081,130,0.003356369,0,170,170,170,170,170,170,170,170,170,170,170
GET,/api/cart/cart/anonymous-146,1,0,179.224477,179.224477,179.224477,179.224477,209,0.003356369,0,180,180,180,180,180,180,180,180,180,180,180
GET,/api/cart/cart/anonymous-147,1,0,176.149577,176.149577,176.149577,176.149577,201,0.003356369,0,180,180,180,180,180,180,180,180,180,180,180
GET,/api/cart/cart/anonymous-148,1,0,173.892517,173.892517,173.892517,173.892517,201,0.003356369,0,170,170,170,170,170,170,170,170,170,170,170
GET,/api/cart/cart/anonymous-149,1,0,166.534914,166.534914,166.534914,166.534914,214,0.003356369,0,170,170,170,170,170,170,170,170,170,170,170
GET,/api/cart/cart/anonymous-150,1,0,194.711314,194.711314,194.711314,194.711314,112,0.003356369,0,190,190,190,190,190,190,190,190,190,190,190
GET,/api/cart/cart/anonymous-151,1,0,174.684474,174.684474,174.684474,174.684474,184,0.003356369,0,170,170,170,170,170,170,170,170,170,170,170
GET,/api/cart/cart/anonymous-152,1,0,171.684597,171.684597,171.684597,171.684597,196,0.003356369,0,170,170,170,170,170,170,170,170,170,170,170
,,,,,,,,,,,,,,,,,,,,,
GET,/api/cart/update/anonymous-102/RED/2,1,0,170.595524,170.595524,170.595524,170.595524,221,0.003356369,0,170,170,170,170,170,170,170,170,170,170,170
GET,/api/cart/update/anonymous-103/UHJ/2,1,0,174.944621,174.944621,174.944621,174.944621,230,0.003356369,0,170,170,170,170,170,170,170,170,170,170,170
GET,/api/cart/update/anonymous-104/SHCE/2,1,0,171.941375,171.941375,171.941375,171.941375,213,0.003356369,0,170,170,170,170,170,170,170,170,170,170,170
GET,/api/cart/update/anonymous-105/HPTD/2,1,0,231.51494,231.51494,231.51494,231.51494,223,0.003356369,0,230,230,230,230,230,230,230,230,230,230,230
GET,/api/cart/update/anonymous-106/EPE/2,1,0,171.080985,171.080985,171.080985,171.080985,215,0.003356369,0,170,170,170,170,170,170,170,170,170,170,170
GET,/api/cart/update/anonymous-107/EMM/2,1,0,173.198843,173.198843,173.198843,173.198843,215,0.003356369,0,170,170,170,170,170,170,170,170,170,170,170
GET,/api/cart/update/anonymous-108/EPE/2,1,0,174.439272,174.439272,174.439272,174.439272,200,0.003356369,0,170,170,170,170,170,170,170,170,170,170,170
GET,/api/cart/update/anonymous-109/HPTD/2,1,0,172.091878,172.091878,172.091878,172.091878,226,0.003356369,0,170,170,170,170,170,170,170,170,170,170,170
GET,/api/cart/update/anonymous-110/HPTD/2,1,0,179.240029,179.240029,179.240029,179.240029,213,0.003356369,0,180,180,180,180,180,180,180,180,180,180,180
GET,/api/cart/update/anonymous-111/RED/2,1,0,173.08813,173.08813,173.08813,173.08813,212,0.003356369,0,170,170,170,170,170,170,170,170,170,170,170
GET,/api/cart/update/anonymous-112/Watson/2,1,0,175.317325,175.317325,175.317325,175.317325,191,0.003356369,0,180,180,180,180,180,180,180,180,180,180,180
GET,/api/cart/update/anonymous-113/HPTD/2,1,0,174.299927,174.299927,174.299927,174.299927,219,0.003356369,0,170,170,170,170,170,170,170,170,170,170,170
GET,/api/cart/update/anonymous-114/EPE/2,1,0,174.59185,174.59185,174.59185,174.59185,217,0.003356369,0,170,170,170,170,170,170,170,170,170,170,170
GET,/api/cart/update/anonymous-115/UHJ/2,1,0,176.257534,176.257534,176.257534,176.257534,233,0.003356369,0,180,180,180,180,180,180,180,180,180,180,180
GET,/api/cart/update/anonymous-116/HPTD/2,1,0,173.065178,173.065178,173.065178,173.065178,121,0.003356369,0,170,170,170,170,170,170,170,170,170,170,170
GET,/api/cart/update/anonymous-117/SHCE/2,1,0,173.635342,173.635342,173.635342,173.635342,203,0.003356369,0,170,170,170,170,170,170,170,170,170,170,170
GET,/api/cart/update/anonymous-118/RMC/2,1,0,181.018015,181.018015,181.018015,181.018015,190,0.003356369,0,180,180,180,180,180,180,180,180,180,180,180
GET,/api/cart/update/anonymous-119/Watson/2,1,0,174.243305,174.243305,174.243305,174.243305,182,0.003356369,0,170,170,170,170,170,170,170,170,170,170,170
GET,/api/cart/update/anonymous-120/STAN-1/2,1,0,218.257219,218.257219,218.257219,218.257219,204,0.003356369,0,220,220,220,220,220,220,220,220,220,220,220
GET,/api/cart/update/anonymous-121/STAN-1/2,1,0,174.509453,174.509453,174.509453,174.509453,187,0.003356369,0,170,170,170,170,170,170,170,170,170,170,170
GET,/api/cart/update/anonymous-122/EPE/2,1,0,174.567244,174.567244,174.567244,174.567244,222,0.003356369,0,170,170,170,170,170,170,170,170,170,170,170
GET,/api/cart/update/anonymous-123/SHCE/2,1,0,182.45103,182.45103,182.45103,182.45103,204,0.003356369,0,180,180,180,180,180,180,180,180,180,180,180
GET,/api/cart/update/anonymous-124/SHCE/2,1,0,324.256214,324.256214,324.256214,324.256214,222,0.003356369,0,320,320,320,320,320,320,320,320,320,320,320
GET,/api/cart/update/anonymous-125/HPTD/2,1,0,173.120465,173.120465,173.120465,173.120465,215,0.003356369,0,170,170,170,170,170,170,170,170,170,170,170
GET,/api/cart/update/anonymous-126/EMM/2,1,0,174.094069,174.094069,174.094069,174.094069,205,0.003356369,0,170,170,170,170,170,170,170,170,170,170,170
GET,/api/cart/update/anonymous-127/EMM/2,1,0,191.539248,191.539248,191.539248,191.539248,222,0.003356369,0,190,190,190,190,190,190,190,190,190,190,190
GET,/api/cart/update/anonymous-128/RMC/2,1,0,173.654122,173.654122,173.654122,173.654122,208,0.003356369,0,170,170,170,170,170,170,170,170,170,170,170
GET,/api/cart/update/anonymous-129/RMC/2,1,0,309.36005,309.36005,309.36005,309.36005,199,0.003356369,0,310,310,310,310,310,310,310,310,310,310,310
GET,/api/cart/update/anonymous-130/RMC/2,1,0,174.179233,174.179233,174.179233,174.179233,199,0.003356369,0,170,170,170,170,170,170,170,170,170,170,170
GET,/api/cart/update/anonymous-131/RMC/2,1,0,173.022187,173.022187,173.022187,173.022187,202,0.003356369,0,170,170,170,170,170,170,170,170,170,170,170
GET,/api/cart/update/anonymous-132/EMM/2,1,0,175.944664,175.944664,175.944664,175.944664,227,0.003356369,0,180,180,180,180,180,180,180,180,180,180,180
GET,/api/cart/update/anonymous-133/RMC/2,1,0,176.869655,176.869655,176.869655,176.869655,109,0.003356369,0,180,180,180,180,180,180,180,180,180,180,180
GET,/api/cart/update/anonymous-134/Watson/2,1,0,175.625694,175.625694,175.625694,175.625694,206,0.003356369,0,180,180,180,180,180,180,180,180,180,180,180
GET,/api/cart/update/anonymous-135/EMM/2,1,0,167.562904,167.562904,167.562904,167.562904,188,0.003356369,0,170,170,170,170,170,170,170,170,170,170,170
GET,/api/cart/update/anonymous-136/EPE/2,1,0,174.389176,174.389176,174.389176,174.389176,222,0.003356369,0,170,170,170,170,170,170,170,170,170,170,170
GET,/api/cart/update/anonymous-137/HPTD/2,1,0,178.032744,178.032744,178.032744,178.032744,199,0.003356369,0,180,180,180,180,180,180,180,180,180,180,180
GET,/api/cart/update/anonymous-138/UHJ/2,1,0,175.527043,175.527043,175.527043,175.527043,219,0.003356369,0,180,180,180,180,180,180,180,180,180,180,180
GET,/api/cart/update/anonymous-139/Watson/2,1,0,169.963622,169.963622,169.963622,169.963622,182,0.003356369,0,170,170,170,170,170,170,170,170,170,170,170
GET,/api/cart/update/anonymous-140/HPTD/2,1,0,173.356428,173.356428,173.356428,173.356428,193,0.003356369,0,170,170,170,170,170,170,170,170,170,170,170
GET,/api/cart/update/anonymous-141/Watson/2,1,0,172.213494,172.213494,172.213494,172.213494,182,0.003356369,0,170,170,170,170,170,170,170,170,170,170,170
GET,/api/cart/update/anonymous-142/HPTD/2,1,0,174.379127,174.379127,174.379127,174.379127,199,0.003356369,0,170,170,170,170,170,170,170,170,170,170,170
GET,/api/cart/update/anonymous-143/HPTD/2,1,0,171.992516,171.992516,171.992516,171.992516,215,0.003356369,0,170,170,170,170,170,170,170,170,170,170,170
GET,/api/cart/update/anonymous-144/Watson/2,1,0,177.501426,177.501426,177.501426,177.501426,206,0.003356369,0,180,180,180,180,180,180,180,180,180,180,180
GET,/api/cart/update/anonymous-145/EPE/2,1,0,174.164105,174.164105,174.164105,174.164105,130,0.003356369,0,170,170,170,170,170,170,170,170,170,170,170
GET,/api/cart/update/anonymous-146/RED/2,1,0,172.048532,172.048532,172.048532,172.048532,224,0.003356369,0,170,170,170,170,170,170,170,170,170,170,170
GET,/api/cart/update/anonymous-147/EPE/2,1,0,310.442768,310.442768,310.442768,310.442768,215,0.003356369,0,310,310,310,310,310,310,310,310,310,310,310
GET,/api/cart/update/anonymous-148/STAN-1/2,1,0,168.931959,168.931959,168.931959,168.931959,187,0.003356369,0,170,170,170,170,170,170,170,170,170,170,170
GET,/api/cart/update/anonymous-149/EMM/2,1,0,168.499168,168.499168,168.499168,168.499168,227,0.003356369,0,170,170,170,170,170,170,170,170,170,170,170
GET,/api/cart/update/anonymous-150/STAN-1/2,1,0,180.657691,180.657691,180.657691,180.657691,112,0.003356369,0,180,180,180,180,180,180,180,180,180,180,180
GET,/api/cart/update/anonymous-151/Watson/2,1,0,172.108294,172.108294,172.108294,172.108294,182,0.003356369,0,170,170,170,170,170,170,170,170,170,170,170
GET,/api/cart/update/anonymous-152/RED/2,1,0,184.011029,184.011029,184.011029,184.011029,185,0.003356369,0,180,180,180,180,180,180,180,180,180,180,180
,,,,,,,,,,,,,,,,,,,,,
GET,/api/catalogue/categories,51,0,180,183.6381003,165.817608,311.712133,35,0.1711748,0,180,180,180,180,200,230,260,310,310,310,310
GET,/api/catalogue/product/EMM,12,0,180,183.3098486,171.103165,219.70731,209,0.040276424,0,180,180,190,190,210,220,220,220,220,220,220
GET,/api/catalogue/product/EPE,12,0,177.005633,175.6708713,173.685015,177.005633,194,0.040276424,0,180,180,180,180,180,180,180,180,180,180,180
GET,/api/catalogue/product/HPTD,18,0,180,181.1007763,169.717627,208.817366,263,0.060414635,0,180,180,180,190,210,210,210,210,210,210,210
GET,/api/catalogue/product/RED,7,0,180,177.456921,173.324345,187.255975,181,0.02349458,0,180,180,180,180,190,190,190,190,190,190,190
GET,/api/catalogue/product/RMC,16,0,180,191.1601681,171.343002,291.247604,198,0.053701898,0,180,180,190,190,260,290,290,290,290,290,290
GET,/api/catalogue/product/SHCE,10,0,180,177.5213726,173.462428,185.986873,183,0.033563686,0,180,180,180,180,190,190,190,190,190,190,190
GET,/api/catalogue/product/STAN-1,10,0,180,182.0036749,171.379217,229.423762,173,0.033563686,0,180,180,180,190,230,230,230,230,230,230,230
GET,/api/catalogue/product/UHJ,7,0,180,180.9015874,171.949047,207.489898,189,0.02349458,0,180,180,180,180,210,210,210,210,210,210,210
GET,/api/catalogue/product/Watson,10,0,171.288912,180.0344171,171.288912,233.341898,186,0.033563686,0,170,180,180,180,230,230,230,230,230,230,230
GET,/api/catalogue/products,51,0,180,181.9454988,166.00276,252.152064,2196,0.1711748,0,180,180,180,180,200,230,250,250,250,250,250
,,,,,,,,,,,,,,,,,,,,,
POST,/api/payment/pay/anonymous-102,1,0,1737.1404,1737.1404,1737.1404,1737.1404,51,0.003356369,0,1700,1700,1700,1700,1700,1700,1700,1700,1700,1700,1700
POST,/api/payment/pay/anonymous-103,1,0,3376.030646,3376.030646,3376.030646,3376.030646,51,0.003356369,0,3400,3400,3400,3400,3400,3400,3400,3400,3400,3400,3400
POST,/api/payment/pay/anonymous-104,1,0,3303.357443,3303.357443,3303.357443,3303.357443,51,0.003356369,0,3300,3300,3300,3300,3300,3300,3300,3300,3300,3300,3300
POST,/api/payment/pay/anonymous-105,1,0,2531.506627,2531.506627,2531.506627,2531.506627,51,0.003356369,0,2500,2500,2500,2500,2500,2500,2500,2500,2500,2500,2500
POST,/api/payment/pay/anonymous-106,1,0,1422.838969,1422.838969,1422.838969,1422.838969,51,0.003356369,0,1400,1400,1400,1400,1400,1400,1400,1400,1400,1400,1400
POST,/api/payment/pay/anonymous-107,1,0,1443.58423,1443.58423,1443.58423,1443.58423,51,0.003356369,0,1400,1400,1400,1400,1400,1400,1400,1400,1400,1400,1400
POST,/api/payment/pay/anonymous-108,1,0,2141.56618,2141.56618,2141.56618,2141.56618,51,0.003356369,0,2100,2100,2100,2100,2100,2100,2100,2100,2100,2100,2100
POST,/api/payment/pay/anonymous-109,1,0,2130.76568,2130.76568,2130.76568,2130.76568,51,0.003356369,0,2100,2100,2100,2100,2100,2100,2100,2100,2100,2100,2100
POST,/api/payment/pay/anonymous-110,1,0,1737.177543,1737.177543,1737.177543,1737.177543,51,0.003356369,0,1700,1700,1700,1700,1700,1700,1700,1700,1700,1700,1700
POST,/api/payment/pay/anonymous-111,1,0,1768.612517,1768.612517,1768.612517,1768.612517,51,0.003356369,0,1800,1800,1800,1800,1800,1800,1800,1800,1800,1800,1800
POST,/api/payment/pay/anonymous-112,1,0,1643.305659,1643.305659,1643.305659,1643.305659,51,0.003356369,0,1600,1600,1600,1600,1600,1600,1600,1600,1600,1600,1600
POST,/api/payment/pay/anonymous-113,1,0,1497.150811,1497.150811,1497.150811,1497.150811,51,0.003356369,0,1500,1500,1500,1500,1500,1500,1500,1500,1500,1500,1500
POST,/api/payment/pay/anonymous-114,1,0,1635.017603,1635.017603,1635.017603,1635.017603,51,0.003356369,0,1600,1600,1600,1600,1600,1600,1600,1600,1600,1600,1600
POST,/api/payment/pay/anonymous-115,1,0,2097.234706,2097.234706,2097.234706,2097.234706,51,0.003356369,0,2100,2100,2100,2100,2100,2100,2100,2100,2100,2100,2100
POST,/api/payment/pay/anonymous-116,1,0,1628.96014,1628.96014,1628.96014,1628.96014,51,0.003356369,0,1600,1600,1600,1600,1600,1600,1600,1600,1600,1600,1600
POST,/api/payment/pay/anonymous-117,1,0,1633.019489,1633.019489,1633.019489,1633.019489,51,0.003356369,0,1600,1600,1600,1600,1600,1600,1600,1600,1600,1600,1600
POST,/api/payment/pay/anonymous-118,1,0,1490.962088,1490.962088,1490.962088,1490.962088,51,0.003356369,0,1500,1500,1500,1500,1500,1500,1500,1500,1500,1500,1500
POST,/api/payment/pay/anonymous-119,1,0,2686.739182,2686.739182,2686.739182,2686.739182,51,0.003356369,0,2700,2700,2700,2700,2700,2700,2700,2700,2700,2700,2700
POST,/api/payment/pay/anonymous-120,1,0,2812.301562,2812.301562,2812.301562,2812.301562,51,0.003356369,0,2800,2800,2800,2800,2800,2800,2800,2800,2800,2800,2800
POST,/api/payment/pay/anonymous-121,1,0,1638.297317,1638.297317,1638.297317,1638.297317,51,0.003356369,0,1600,1600,1600,1600,1600,1600,1600,1600,1600,1600,1600
POST,/api/payment/pay/anonymous-122,1,0,1714.450378,1714.450378,1714.450378,1714.450378,51,0.003356369,0,1700,1700,1700,1700,1700,1700,1700,1700,1700,1700,1700
POST,/api/payment/pay/anonymous-123,1,0,2066.766749,2066.766749,2066.766749,2066.766749,51,0.003356369,0,2100,2100,2100,2100,2100,2100,2100,2100,2100,2100,2100
POST,/api/payment/pay/anonymous-124,1,0,2109.132543,2109.132543,2109.132543,2109.132543,51,0.003356369,0,2100,2100,2100,2100,2100,2100,2100,2100,2100,2100,2100
POST,/api/payment/pay/anonymous-125,1,0,1796.8281,1796.8281,1796.8281,1796.8281,51,0.003356369,0,1800,1800,1800,1800,1800,1800,1800,1800,1800,1800,1800
POST,/api/payment/pay/anonymous-126,1,0,1504.558835,1504.558835,1504.558835,1504.558835,51,0.003356369,0,1500,1500,1500,1500,1500,1500,1500,1500,1500,1500,1500
POST,/api/payment/pay/anonymous-127,1,0,1679.971118,1679.971118,1679.971118,1679.971118,51,0.003356369,0,1700,1700,1700,1700,1700,1700,1700,1700,1700,1700,1700
POST,/api/payment/pay/anonymous-128,1,0,1581.533819,1581.533819,1581.533819,1581.533819,51,0.003356369,0,1600,1600,1600,1600,1600,1600,1600,1600,1600,1600,1600
POST,/api/payment/pay/anonymous-129,1,0,1765.092688,1765.092688,1765.092688,1765.092688,51,0.003356369,0,1800,1800,1800,1800,1800,1800,1800,1800,1800,1800,1800
POST,/api/payment/pay/anonymous-130,1,0,2975.26535,2975.26535,2975.26535,2975.26535,51,0.003356369,0,3000,3000,3000,3000,3000,3000,3000,3000,3000,3000,3000
POST,/api/payment/pay/anonymous-131,1,0,2229.988356,2229.988356,2229.988356,2229.988356,51,0.003356369,0,2200,2200,2200,2200,2200,2200,2200,2200,2200,2200,2200
POST,/api/payment/pay/anonymous-132,1,0,1643.402774,1643.402774,1643.402774,1643.402774,51,0.003356369,0,1600,1600,1600,1600,1600,1600,1600,1600,1600,1600,1600
POST,/api/payment/pay/anonymous-133,1,0,1550.398436,1550.398436,1550.398436,1550.398436,51,0.003356369,0,1600,1600,1600,1600,1600,1600,1600,1600,1600,1600,1600
POST,/api/payment/pay/anonymous-134,1,0,1543.879309,1543.879309,1543.879309,1543.879309,51,0.003356369,0,1500,1500,1500,1500,1500,1500,1500,1500,1500,1500,1500
POST,/api/payment/pay/anonymous-135,1,0,1524.999248,1524.999248,1524.999248,1524.999248,51,0.003356369,0,1500,1500,1500,1500,1500,1500,1500,1500,1500,1500,1500
POST,/api/payment/pay/anonymous-136,1,0,1726.213053,1726.213053,1726.213053,1726.213053,51,0.003356369,0,1700,1700,1700,1700,1700,1700,1700,1700,1700,1700,1700
POST,/api/payment/pay/anonymous-137,1,0,2801.335861,2801.335861,2801.335861,2801.335861,51,0.003356369,0,2800,2800,2800,2800,2800,2800,2800,2800,2800,2800,2800
POST,/api/payment/pay/anonymous-138,1,0,4046.726795,4046.726795,4046.726795,4046.726795,51,0.003356369,0,4000,4000,4000,4000,4000,4000,4000,4000,4000,4000,4000
POST,/api/payment/pay/anonymous-139,1,0,1739.028285,1739.028285,1739.028285,1739.028285,51,0.003356369,0,1700,1700,1700,1700,1700,1700,1700,1700,1700,1700,1700
POST,/api/payment/pay/anonymous-140,1,0,1750.782075,1750.782075,1750.782075,1750.782075,51,0.003356369,0,1800,1800,1800,1800,1800,1800,1800,1800,1800,1800,1800
POST,/api/payment/pay/anonymous-141,1,0,2095.808859,2095.808859,2095.808859,2095.808859,51,0.003356369,0,2100,2100,2100,2100,2100,2100,2100,2100,2100,2100,2100
POST,/api/payment/pay/anonymous-142,1,0,1762.435329,1762.435329,1762.435329,1762.435329,51,0.003356369,0,1800,1800,1800,1800,1800,1800,1800,1800,1800,1800,1800
POST,/api/payment/pay/anonymous-143,1,0,2588.198263,2588.198263,2588.198263,2588.198263,51,0.003356369,0,2600,2600,2600,2600,2600,2600,2600,2600,2600,2600,2600
POST,/api/payment/pay/anonymous-144,1,0,2547.471427,2547.471427,2547.471427,2547.471427,51,0.003356369,0,2500,2500,2500,2500,2500,2500,2500,2500,2500,2500,2500
POST,/api/payment/pay/anonymous-145,1,0,2095.409593,2095.409593,2095.409593,2095.409593,51,0.003356369,0,2100,2100,2100,2100,2100,2100,2100,2100,2100,2100,2100
POST,/api/payment/pay/anonymous-146,1,0,1580.147308,1580.147308,1580.147308,1580.147308,51,0.003356369,0,1600,1600,1600,1600,1600,1600,1600,1600,1600,1600,1600
POST,/api/payment/pay/anonymous-147,1,0,2207.351486,2207.351486,2207.351486,2207.351486,51,0.003356369,0,2200,2200,2200,2200,2200,2200,2200,2200,2200,2200,2200
POST,/api/payment/pay/anonymous-149,1,0,1668.975415,1668.975415,1668.975415,1668.975415,51,0.003356369,0,1700,1700,1700,1700,1700,1700,1700,1700,1700,1700,1700
POST,/api/payment/pay/anonymous-150,1,0,1734.130395,1734.130395,1734.130395,1734.130395,51,0.003356369,0,1700,1700,1700,1700,1700,1700,1700,1700,1700,1700,1700
POST,/api/payment/pay/anonymous-151,1,0,2732.642433,2732.642433,2732.642433,2732.642433,51,0.003356369,0,2700,2700,2700,2700,2700,2700,2700,2700,2700,2700,2700
POST,/api/payment/pay/anonymous-152,1,0,1934.299343,1934.299343,1934.299343,1934.299343,51,0.003356369,0,1900,1900,1900,1900,1900,1900,1900,1900,1900,1900,1900
,,,,,,,,,,,,,,,,,,,,,
GET,/api/ratings/api/fetch/EMM,12,0,180,210.6530368,174.479154,331.209608,33,0.040276424,0,190,190,250,250,260,330,330,330,330,330,330
GET,/api/ratings/api/fetch/EPE,12,0,180,183.2471353,175.81115,215.451319,36.66666667,0.040276424,0,180,180,180,180,180,220,220,220,220,220,220
GET,/api/ratings/api/fetch/HPTD,18,0,180,198.4921939,176.122443,306.005095,36.61111111,0.060414635,0,180,200,210,220,230,310,310,310,310,310,310
GET,/api/ratings/api/fetch/RED,7,0,180,179.2662704,177.144917,182.951362,36,0.02349458,0,180,180,180,180,180,180,180,180,180,180,180
GET,/api/ratings/api/fetch/RMC,16,0,180,201.6019039,174.889742,310.049048,36,0.053701898,0,180,190,220,220,250,310,310,310,310,310,310
GET,/api/ratings/api/fetch/SHCE,10,0,180,183.0123292,175.666467,192.491353,36,0.033563686,0,180,180,190,190,190,190,190,190,190,190,190
GET,/api/ratings/api/fetch/STAN-1,10,0,180,189.9716918,174.598039,223.86873,37,0.033563686,0,190,190,200,210,220,220,220,220,220,220,220
GET,/api/ratings/api/fetch/UHJ,7,0,180.903807,188.6112266,180.903807,215.433649,36.57142857,0.02349458,0,180,180,200,200,220,220,220,220,220,220,220
GET,/api/ratings/api/fetch/Watson,10,0,180,193.4433211,176.728323,320.153803,35.4,0.033563686,0,180,180,180,180,320,320,320,320,320,320,320
PUT,/api/ratings/api/rate/EMM/5,1,0,188.273078,188.273078,188.273078,188.273078,16,0.003356369,0,190,190,190,190,190,190,190,190,190,190,190
PUT,/api/ratings/api/rate/EPE/2,1,0,193.883111,193.883111,193.883111,193.883111,16,0.003356369,0,190,190,190,190,190,190,190,190,190,190,190
PUT,/api/ratings/api/rate/EPE/3,1,0,194.733589,194.733589,194.733589,194.733589,16,0.003356369,0,190,190,190,190,190,190,190,190,190,190,190
PUT,/api/ratings/api/rate/HPTD/1,1,0,189.855962,189.855962,189.855962,189.855962,16,0.003356369,0,190,190,190,190,190,190,190,190,190,190,190
PUT,/api/ratings/api/rate/HPTD/2,2,0,194.111351,201.6882505,194.111351,209.26515,16,0.006712737,0,210,210,210,210,210,210,210,210,210,210,210
PUT,/api/ratings/api/rate/HPTD/3,1,0,212.827081,212.827081,212.827081,212.827081,16,0.003356369,0,210,210,210,210,210,210,210,210,210,210,210
PUT,/api/ratings/api/rate/HPTD/4,1,0,215.445901,215.445901,215.445901,215.445901,16,0.003356369,0,220,220,220,220,220,220,220,220,220,220,220
PUT,/api/ratings/api/rate/RED/3,1,0,210.098752,210.098752,210.098752,210.098752,16,0.003356369,0,210,210,210,210,210,210,210,210,210,210,210
PUT,/api/ratings/api/rate/RMC/2,1,0,197.188694,197.188694,197.188694,197.188694,16,0.003356369,0,200,200,200,200,200,200,200,200,200,200,200
PUT,/api/ratings/api/rate/RMC/3,2,0,201.355894,201.3648775,201.355894,201.373861,16,0.006712737,0,200,200,200,200,200,200,200,200,200,200,200
PUT,/api/ratings/api/rate/RMC/4,3,0,230,231.217273,193.754859,266.397196,16,0.010069106,0,230,230,270,270,270,270,270,270,270,270,270
PUT,/api/ratings/api/rate/SHCE/1,1,0,217.742645,217.742645,217.742645,217.742645,16,0.003356369,0,220,220,220,220,220,220,220,220,220,220,220
PUT,/api/ratings/api/rate/SHCE/3,1,0,221.758515,221.758515,221.758515,221.758515,16,0.003356369,0,220,220,220,220,220,220,220,220,220,220,220
PUT,/api/ratings/api/rate/SHCE/4,1,0,187.386037,187.386037,187.386037,187.386037,16,0.003356369,0,190,190,190,190,190,190,190,190,190,190,190
PUT,/api/ratings/api/rate/STAN-1/3,1,0,200.539915,200.539915,200.539915,200.539915,16,0.003356369,0,200,200,200,200,200,200,200,200,200,200,200
PUT,/api/ratings/api/rate/STAN-1/4,2,0,230,245.6509485,229.577556,261.724341,16,0.006712737,0,260,260,260,260,260,260,260,260,260,260,260
PUT,/api/ratings/api/rate/STAN-1/5,2,0,190,197.7898395,189.335316,206.244363,16,0.006712737,0,210,210,210,210,210,210,210,210,210,210,210
PUT,/api/ratings/api/rate/UHJ/3,1,0,201.819221,201.819221,201.819221,201.819221,16,0.003356369,0,200,200,200,200,200,200,200,200,200,200,200
PUT,/api/ratings/api/rate/UHJ/5,1,0,232.301408,232.301408,232.301408,232.301408,16,0.003356369,0,230,230,230,230,230,230,230,230,230,230,230
PUT,/api/ratings/api/rate/Watson/1,1,0,211.012947,211.012947,211.012947,211.012947,16,0.003356369,0,210,210,210,210,210,210,210,210,210,210,210
PUT,/api/ratings/api/rate/Watson/3,2,0,194.186138,195.7675385,194.186138,197.348939,16,0.006712737,0,200,200,200,200,200,200,200,200,200,200,200
PUT,/api/ratings/api/rate/Watson/4,1,0,190.171959,190.171959,190.171959,190.171959,16,0.003356369,0,190,190,190,190,190,190,190,190,190,190,190
,,,,,,,,,,,,,,,,,,,,,
GET,/api/shipping/calc/3192791,1,0,174.254353,174.254353,174.254353,174.254353,29,0.003356369,0,170,170,170,170,170,170,170,170,170,170,170
GET,/api/shipping/calc/3195798,1,0,176.818463,176.818463,176.818463,176.818463,28,0.003356369,0,180,180,180,180,180,180,180,180,180,180,180
GET,/api/shipping/calc/3196509,1,0,173.335769,173.335769,173.335769,173.335769,28,0.003356369,0,170,170,170,170,170,170,170,170,170,170,170
GET,/api/shipping/calc/3201397,1,0,177.628451,177.628451,177.628451,177.628451,32,0.003356369,0,180,180,180,180,180,180,180,180,180,180,180
GET,/api/shipping/calc/3292887,1,0,173.338337,173.338337,173.338337,173.338337,30,0.003356369,0,170,170,170,170,170,170,170,170,170,170,170
GET,/api/shipping/calc/3304326,1,0,182.687858,182.687858,182.687858,182.687858,30,0.003356369,0,180,180,180,180,180,180,180,180,180,180,180
GET,/api/shipping/calc/3340206,1,0,174.778636,174.778636,174.778636,174.778636,32,0.003356369,0,170,170,170,170,170,170,170,170,170,170,170
GET,/api/shipping/calc/3355555,1,0,309.924645,309.924645,309.924645,309.924645,31,0.003356369,0,310,310,310,310,310,310,310,310,310,310,310
GET,/api/shipping/calc/3396871,1,0,174.706176,174.706176,174.706176,174.706176,31,0.003356369,0,170,170,170,170,170,170,170,170,170,170,170
GET,/api/shipping/calc/3400614,1,0,176.657149,176.657149,176.657149,176.657149,31,0.003356369,0,180,180,180,180,180,180,180,180,180,180,180
GET,/api/shipping/calc/3436776,1,0,221.327029,221.327029,221.327029,221.327029,29,0.003356369,0,220,220,220,220,220,220,220,220,220,220,220
GET,/api/shipping/calc/3437376,1,0,305.119599,305.119599,305.119599,305.119599,29,0.003356369,0,310,310,310,310,310,310,310,310,310,310,310
GET,/api/shipping/calc/3750818,1,0,171.174557,171.174557,171.174557,171.174557,29,0.003356369,0,170,170,170,170,170,170,170,170,170,170,170
GET,/api/shipping/calc/3770589,1,0,194.901316,194.901316,194.901316,194.901316,29,0.003356369,0,190,190,190,190,190,190,190,190,190,190,190
GET,/api/shipping/calc/3775291,1,0,175.766597,175.766597,175.766597,175.766597,29,0.003356369,0,180,180,180,180,180,180,180,180,180,180,180
GET,/api/shipping/calc/3792424,1,0,328.832331,328.832331,328.832331,328.832331,29,0.003356369,0,330,330,330,330,330,330,330,330,330,330,330
GET,/api/shipping/calc/3840030,1,0,172.62447,172.62447,172.62447,172.62447,29,0.003356369,0,170,170,170,170,170,170,170,170,170,170,170
GET,/api/shipping/calc/3851065,1,0,200.127546,200.127546,200.127546,200.127546,28,0.003356369,0,200,200,200,200,200,200,200,200,200,200,200
GET,/api/shipping/calc/3923081,1,0,172.224999,172.224999,172.224999,172.224999,30,0.003356369,0,170,170,170,170,170,170,170,170,170,170,170
GET,/api/shipping/calc/3923295,1,0,232.273908,232.273908,232.273908,232.273908,29,0.003356369,0,230,230,230,230,230,230,230,230,230,230,230
GET,/api/shipping/calc/3935680,1,0,176.524539,176.524539,176.524539,176.524539,30,0.003356369,0,180,180,180,180,180,180,180,180,180,180,180
GET,/api/shipping/calc/3950059,1,0,173.615674,173.615674,173.615674,173.615674,29,0.003356369,0,170,170,170,170,170,170,170,170,170,170,170
GET,/api/shipping/calc/3951539,1,0,470.024408,470.024408,470.024408,470.024408,30,0.003356369,0,470,470,470,470,470,470,470,470,470,470,470
GET,/api/shipping/calc/3954066,1,0,173.870012,173.870012,173.870012,173.870012,30,0.003356369,0,170,170,170,170,170,170,170,170,170,170,170
GET,/api/shipping/calc/3954524,1,0,266.968793,266.968793,266.968793,266.968793,30,0.003356369,0,270,270,270,270,270,270,270,270,270,270,270
GET,/api/shipping/calc/3956975,1,0,175.37127,175.37127,175.37127,175.37127,30,0.003356369,0,180,180,180,180,180,180,180,180,180,180,180
GET,/api/shipping/calc/3999849,1,0,174.65094,174.65094,174.65094,174.65094,28,0.003356369,0,170,170,170,170,170,170,170,170,170,170,170
GET,/api/shipping/calc/4007789,1,0,169.408888,169.408888,169.408888,169.408888,28,0.003356369,0,170,170,170,170,170,170,170,170,170,170,170
GET,/api/shipping/calc/4010647,1,0,197.788316,197.788316,197.788316,197.788316,29,0.003356369,0,200,200,200,200,200,200,200,200,200,200,200
GET,/api/shipping/calc/4038475,1,0,171.796034,171.796034,171.796034,171.796034,29,0.003356369,0,170,170,170,170,170,170,170,170,170,170,170
GET,/api/shipping/calc/4165848,1,0,364.366314,364.366314,364.366314,364.366314,30,0.003356369,0,360,360,360,360,360,360,360,360,360,360,360
GET,/api/shipping/calc/4400951,1,0,173.33772,173.33772,173.33772,173.33772,30,0.003356369,0,170,170,170,170,170,170,170,170,170,170,170
GET,/api/shipping/calc/4566036,1,0,171.576888,171.576888,171.576888,171.576888,29,0.003356369,0,170,170,170,170,170,170,170,170,170,170,170
GET,/api/shipping/calc/4567444,1,0,213.49536,213.49536,213.49536,213.49536,29,0.003356369,0,210,210,210,210,210,210,210,210,210,210,210
GET,/api/shipping/calc/4583389,1,0,295.290957,295.290957,295.290957,295.290957,30,0.003356369,0,300,300,300,300,300,300,300,300,300,300,300
GET,/api/shipping/calc/4591369,1,0,194.203983,194.203983,194.203983,194.203983,30,0.003356369,0,190,190,190,190,190,190,190,190,190,190,190
GET,/api/shipping/calc/5075168,1,0,433.321196,433.321196,433.321196,433.321196,28,0.003356369,0,430,430,430,430,430,430,430,430,430,430,430
GET,/api/shipping/calc/5076444,1,0,1033.501274,1033.501274,1033.501274,1033.501274,28,0.003356369,0,1000,1000,1000,1000,1000,1000,1000,1000,1000,1000,1000
GET,/api/shipping/calc/5080111,1,0,218.752543,218.752543,218.752543,218.752543,27,0.003356369,0,220,220,220,220,220,220,220,220,220,220,220
GET,/api/shipping/calc/5348279,1,0,167.927599,167.927599,167.927599,167.927599,31,0.003356369,0,170,170,170,170,170,170,170,170,170,170,170
GET,/api/shipping/calc/5351172,1,0,170.106127,170.106127,170.106127,170.106127,29,0.003356369,0,170,170,170,170,170,170,170,170,170,170,170
GET,/api/shipping/calc/5358220,1,0,174.072031,174.072031,174.072031,174.072031,30,0.003356369,0,170,170,170,170,170,170,170,170,170,170,170
GET,/api/shipping/calc/5379894,1,0,228.490217,228.490217,228.490217,228.490217,30,0.003356369,0,230,230,230,230,230,230,230,230,230,230,230
GET,/api/shipping/calc/5583796,1,0,192.42119,192.42119,192.42119,192.42119,31,0.003356369,0,190,190,190,190,190,190,190,190,190,190,190
GET,/api/shipping/calc/5648657,1,0,175.078645,175.078645,175.078645,175.078645,28,0.003356369,0,180,180,180,180,180,180,180,180,180,180,180
GET,/api/shipping/calc/5649505,1,0,179.21693,179.21693,179.21693,179.21693,29,0.003356369,0,180,180,180,180,180,180,180,180,180,180,180
GET,/api/shipping/calc/5661541,1,0,1727.888106,1727.888106,1727.888106,1727.888106,29,0.003356369,0,1700,1700,1700,1700,1700,1700,1700,1700,1700,1700,1700
GET,/api/shipping/calc/5665656,1,0,241.470066,241.470066,241.470066,241.470066,29,0.003356369,0,240,240,240,240,240,240,240,240,240,240,240
GET,/api/shipping/calc/5879727,1,0,446.272369,446.272369,446.272369,446.272369,31,0.003356369,0,450,450,450,450,450,450,450,450,450,450,450
GET,/api/shipping/calc/6040372,1,0,184.058454,184.058454,184.058454,184.058454,31,0.003356369,0,180,180,180,180,180,180,180,180,180,180,180
,,,,,,,,,,,,,,,,,,,,,
GET,/api/shipping/cities/at,3,0,1900,2010.103926,1821.876857,2336.74397,1833048,0.010069106,0,1900,1900,2300,2300,2300,2300,2300,2300,2300,2300,2300
GET,/api/shipping/cities/au,1,0,1781.272606,1781.272606,1781.272606,1781.272606,1357299,0.003356369,0,1800,1800,1800,1800,1800,1800,1800,1800,1800,1800,1800
GET,/api/shipping/cities/bg,2,0,2031.870807,2171.502003,2031.870807,2311.133199,2481477,0.006712737,0,2300,2300,2300,2300,2300,2300,2300,2300,2300,2300,2300
GET,/api/shipping/cities/br,2,0,3432.902661,12966.50638,3432.902661,22500.1101,5639854,0.006712737,0,23000,23000,23000,23000,23000,23000,23000,23000,23000,23000,23000
GET,/api/shipping/cities/ca,2,0,1200,1249.142959,1187.931864,1310.354054,688362,0.006712737,0,1300,1300,1300,1300,1300,1300,1300,1300,1300,1300,1300
GET,/api/shipping/cities/ch,2,0,1100,1167.065032,1071.117358,1263.012706,439665,0.006712737,0,1300,1300,1300,1300,1300,1300,1300,1300,1300,1300,1300
GET,/api/shipping/cities/cz,2,0,2700,2756.255004,2659.953007,2852.557001,2671687,0.006712737,0,2900,2900,2900,2900,2900,2900,2900,2900,2900,2900,2900
GET,/api/shipping/cities/de,3,0,5400,8056.811394,5003.589161,13732.74589,8633249,0.010069106,0,5400,5400,14000,14000,14000,14000,14000,14000,14000,14000,14000
GET,/api/shipping/cities/dk,1,0,1571.113292,1571.113292,1571.113292,1571.113292,1058566,0.003356369,0,1600,1600,1600,1600,1600,1600,1600,1600,1600,1600,1600
GET,/api/shipping/cities/es,3,0,3100,3040.812758,2891.683332,3151.123926,4063930,0.010069106,0,3100,3100,3200,3200,3200,3200,3200,3200,3200,3200,3200
GET,/api/shipping/cities/fi,5,0,2000,3590.889298,1560.283378,7704.129617,1631204,0.016781843,0,2000,5100,5100,7700,7700,7700,7700,7700,7700,7700,7700
GET,/api/shipping/cities/fr,3,0,5100,5709.514714,4893.846531,7128.269091,8414648,0.010069106,0,5100,5100,7100,7100,7100,7100,7100,7100,7100,7100,7100
GET,/api/shipping/cities/gb,1,0,1925.74364,1925.74364,1925.74364,1925.74364,2167290,0.003356369,0,1900,1900,1900,1900,1900,1900,1900,1900,1900,1900,1900
GET,/api/shipping/cities/hu,1,0,4422.165765,4422.165765,4422.165765,4422.165765,2346496,0.003356369,0,4400,4400,4400,4400,4400,4400,4400,4400,4400,4400,4400
GET,/api/shipping/cities/in,1,0,4572.032102,4572.032102,4572.032102,4572.032102,4779586,0.003356369,0,4600,4600,4600,4600,4600,4600,4600,4600,4600,4600,4600
GET,/api/shipping/cities/it,2,0,2547.649584,2668.427915,2547.649584,2789.206246,2559278,0.006712737,0,2800,2800,2800,2800,2800,2800,2800,2800,2800,2800,2800
GET,/api/shipping/cities/jp,2,0,2500,2779.4956,2478.026121,3080.965079,2148712,0.006712737,0,3100,3100,3100,3100,3100,3100,3100,3100,3100,3100,3100
GET,/api/shipping/cities/nl,3,0,1800,1794.202651,1667.406143,1941.385889,1105358,0.010069106,0,1800,1800,1900,1900,1900,1900,1900,1900,1900,1900,1900
GET,/api/shipping/cities/pt,3,0,1800,1917.622811,1686.319503,2267.204138,1932614,0.010069106,0,1800,1800,2300,2300,2300,2300,2300,2300,2300,2300,2300
GET,/api/shipping/cities/ro,1,0,5905.91574,5905.91574,5905.91574,5905.91574,3510951,0.003356369,0,5900,5900,5900,5900,5900,5900,5900,5900,5900,5900,5900
GET,/api/shipping/cities/ru,1,0,19296.55294,19296.55294,19296.55294,19296.55294,26964582,0.003356369,0,19000,19000,19000,19000,19000,19000,19000,19000,19000,19000,19000
GET,/api/shipping/cities/se,4,0,2900,2869.962554,2405.282747,3117.199037,3346604,0.013425475,0,3100,3100,3100,3100,3100,3100,3100,3100,3100,3100,3100
GET,/api/shipping/cities/tr,1,0,27006.03974,27006.03974,27006.03974,27006.03974,8814975,0.003356369,0,27000,27000,27000,27000,27000,27000,27000,27000,27000,27000,27000
GET,/api/shipping/cities/us,1,0,12176.37113,12176.37113,12176.37113,12176.37113,18239043,0.003356369,0,12000,12000,12000,12000,12000,12000,12000,12000,12000,12000,12000
GET,/api/shipping/codes,51,0,180,314.1263517,169.82149,2349.752129,1026,0.1711748,0,180,200,280,290,370,860,1700,2300,2300,2300,2300
,,,,,,,,,,,,,,,,,,,,,
POST,/api/shipping/confirm/anonymous-102,1,0,182.919136,182.919136,182.919136,182.919136,319,0.003356369,0,180,180,180,180,180,180,180,180,180,180,180
POST,/api/shipping/confirm/anonymous-103,1,0,199.055896,199.055896,199.055896,199.055896,323,0.003356369,0,200,200,200,200,200,200,200,200,200,200,200
POST,/api/shipping/confirm/anonymous-104,1,0,178.490542,178.490542,178.490542,178.490542,323,0.003356369,0,180,180,180,180,180,180,180,180,180,180,180
POST,/api/shipping/confirm/anonymous-105,1,0,175.433371,175.433371,175.433371,175.433371,316,0.003356369,0,180,180,180,180,180,180,180,180,180,180,180
POST,/api/shipping/confirm/anonymous-106,1,0,189.85266,189.85266,189.85266,189.85266,304,0.003356369,0,190,190,190,190,190,190,190,190,190,190,190
POST,/api/shipping/confirm/anonymous-107,1,0,184.321999,184.321999,184.321999,184.321999,310,0.003356369,0,180,180,180,180,180,180,180,180,180,180,180
POST,/api/shipping/confirm/anonymous-108,1,0,182.634279,182.634279,182.634279,182.634279,302,0.003356369,0,180,180,180,180,180,180,180,180,180,180,180
POST,/api/shipping/confirm/anonymous-109,1,0,177.541359,177.541359,177.541359,177.541359,308,0.003356369,0,180,180,180,180,180,180,180,180,180,180,180
POST,/api/shipping/confirm/anonymous-110,1,0,180.032462,180.032462,180.032462,180.032462,316,0.003356369,0,180,180,180,180,180,180,180,180,180,180,180
POST,/api/shipping/confirm/anonymous-111,1,0,201.47886,201.47886,201.47886,201.47886,312,0.003356369,0,200,200,200,200,200,200,200,200,200,200,200
POST,/api/shipping/confirm/anonymous-112,1,0,178.608576,178.608576,178.608576,178.608576,302,0.003356369,0,180,180,180,180,180,180,180,180,180,180,180
POST,/api/shipping/confirm/anonymous-113,1,0,175.492205,175.492205,175.492205,175.492205,317,0.003356369,0,180,180,180,180,180,180,180,180,180,180,180
POST,/api/shipping/confirm/anonymous-114,1,0,178.422637,178.422637,178.422637,178.422637,307,0.003356369,0,180,180,180,180,180,180,180,180,180,180,180
POST,/api/shipping/confirm/anonymous-115,1,0,180.811505,180.811505,180.811505,180.811505,323,0.003356369,0,180,180,180,180,180,180,180,180,180,180,180
POST,/api/shipping/confirm/anonymous-116,1,0,182.009655,182.009655,182.009655,182.009655,242,0.003356369,0,180,180,180,180,180,180,180,180,180,180,180
POST,/api/shipping/confirm/anonymous-117,1,0,199.546283,199.546283,199.546283,199.546283,313,0.003356369,0,200,200,200,200,200,200,200,200,200,200,200
POST,/api/shipping/confirm/anonymous-118,1,0,177.229829,177.229829,177.229829,177.229829,286,0.003356369,0,180,180,180,180,180,180,180,180,180,180,180
POST,/api/shipping/confirm/anonymous-119,1,0,198.825714,198.825714,198.825714,198.825714,299,0.003356369,0,200,200,200,200,200,200,200,200,200,200,200
POST,/api/shipping/confirm/anonymous-120,1,0,179.035715,179.035715,179.035715,179.035715,299,0.003356369,0,180,180,180,180,180,180,180,180,180,180,180
POST,/api/shipping/confirm/anonymous-121,1,0,179.094559,179.094559,179.094559,179.094559,309,0.003356369,0,180,180,180,180,180,180,180,180,180,180,180
POST,/api/shipping/confirm/anonymous-122,1,0,173.726619,173.726619,173.726619,173.726619,321,0.003356369,0,170,170,170,170,170,170,170,170,170,170,170
POST,/api/shipping/confirm/anonymous-123,1,0,206.444045,206.444045,206.444045,206.444045,301,0.003356369,0,210,210,210,210,210,210,210,210,210,210,210
POST,/api/shipping/confirm/anonymous-124,1,0,176.719741,176.719741,176.719741,176.719741,331,0.003356369,0,180,180,180,180,180,180,180,180,180,180,180
POST,/api/shipping/confirm/anonymous-125,1,0,181.439324,181.439324,181.439324,181.439324,310,0.003356369,0,180,180,180,180,180,180,180,180,180,180,180
POST,/api/shipping/confirm/anonymous-126,1,0,176.392693,176.392693,176.392693,176.392693,312,0.003356369,0,180,180,180,180,180,180,180,180,180,180,180
POST,/api/shipping/confirm/anonymous-127,1,0,175.403599,175.403599,175.403599,175.403599,327,0.003356369,0,180,180,180,180,180,180,180,180,180,180,180
POST,/api/shipping/confirm/anonymous-128,1,0,180.378947,180.378947,180.378947,180.378947,299,0.003356369,0,180,180,180,180,180,180,180,180,180,180,180
POST,/api/shipping/confirm/anonymous-129,1,0,176.063232,176.063232,176.063232,176.063232,311,0.003356369,0,180,180,180,180,180,180,180,180,180,180,180
POST,/api/shipping/confirm/anonymous-130,1,0,177.010049,177.010049,177.010049,177.010049,307,0.003356369,0,180,180,180,180,180,180,180,180,180,180,180
POST,/api/shipping/confirm/anonymous-131,1,0,176.873156,176.873156,176.873156,176.873156,325,0.003356369,0,180,180,180,180,180,180,180,180,180,180,180
POST,/api/shipping/confirm/anonymous-132,1,0,201.037102,201.037102,201.037102,201.037102,332,0.003356369,0,200,200,200,200,200,200,200,200,200,200,200
POST,/api/shipping/confirm/anonymous-133,1,0,265.97658,265.97658,265.97658,265.97658,225,0.003356369,0,270,270,270,270,270,270,270,270,270,270,270
POST,/api/shipping/confirm/anonymous-134,1,0,200.3945,200.3945,200.3945,200.3945,295,0.003356369,0,200,200,200,200,200,200,200,200,200,200,200
POST,/api/shipping/confirm/anonymous-135,1,0,170.283465,170.283465,170.283465,170.283465,305,0.003356369,0,170,170,170,170,170,170,170,170,170,170,170
POST,/api/shipping/confirm/anonymous-136,1,0,184.00606,184.00606,184.00606,184.00606,316,0.003356369,0,180,180,180,180,180,180,180,180,180,180,180
POST,/api/shipping/confirm/anonymous-137,1,0,171.907963,171.907963,171.907963,171.907963,307,0.003356369,0,170,170,170,170,170,170,170,170,170,170,170
POST,/api/shipping/confirm/anonymous-138,1,0,300.915093,300.915093,300.915093,300.915093,306,0.003356369,0,300,300,300,300,300,300,300,300,300,300,300
POST,/api/shipping/confirm/anonymous-139,1,0,303.10177,303.10177,303.10177,303.10177,290,0.003356369,0,300,300,300,300,300,300,300,300,300,300,300
POST,/api/shipping/confirm/anonymous-140,1,0,300.783358,300.783358,300.783358,300.783358,301,0.003356369,0,300,300,300,300,300,300,300,300,300,300,300
POST,/api/shipping/confirm/anonymous-141,1,0,2106.86545,2106.86545,2106.86545,2106.86545,289,0.003356369,0,2100,2100,2100,2100,2100,2100,2100,2100,2100,2100,2100
POST,/api/shipping/confirm/anonymous-142,1,0,297.247673,297.247673,297.247673,297.247673,296,0.003356369,0,300,300,300,300,300,300,300,300,300,300,300
POST,/api/shipping/confirm/anonymous-143,1,0,191.089296,191.089296,191.089296,191.089296,296,0.003356369,0,190,190,190,190,190,190,190,190,190,190,190
POST,/api/shipping/confirm/anonymous-144,1,0,204.026648,204.026648,204.026648,204.026648,298,0.003356369,0,200,200,200,200,200,200,200,200,200,200,200
POST,/api/shipping/confirm/anonymous-145,1,0,197.051571,197.051571,197.051571,197.051571,228,0.003356369,0,200,200,200,200,200,200,200,200,200,200,200
POST,/api/shipping/confirm/anonymous-146,1,0,219.778559,219.778559,219.778559,219.778559,317,0.003356369,0,220,220,220,220,220,220,220,220,220,220,220
POST,/api/shipping/confirm/anonymous-147,1,0,178.629745,178.629745,178.629745,178.629745,311,0.003356369,0,180,180,180,180,180,180,180,180,180,180,180
POST,/api/shipping/confirm/anonymous-149,1,0,202.398688,202.398688,202.398688,202.398688,319,0.003356369,0,200,200,200,200,200,200,200,200,200,200,200
POST,/api/shipping/confirm/anonymous-150,1,0,201.270581,201.270581,201.270581,201.270581,222,0.003356369,0,200,200,200,200,200,200,200,200,200,200,200
POST,/api/shipping/confirm/anonymous-151,1,0,181.571015,181.571015,181.571015,181.571015,295,0.003356369,0,180,180,180,180,180,180,180,180,180,180,180
POST,/api/shipping/confirm/anonymous-152,1,0,203.149286,203.149286,203.149286,203.149286,289,0.003356369,0,200,200,200,200,200,200,200,200,200,200,200
,,,,,,,,,,,,,,,,,,,,,
POST,/api/user/login,52,0,180,198.600216,170.122859,610.889236,92,0.174531169,0,180,180,180,180,240,360,360,610,610,610,610
GET,/api/user/uniqueid,51,0,180,180.4614272,166.541195,255.401528,24,0.1711748,0,180,180,180,180,190,240,250,260,260,260,260
,Aggregated,944,0,180,528.9802911,164.135287,27006.03974,214398.9248,3.168411983,0,180,180,200,230,1500,2100,3300,5100,27000,27000,27000